<manifest alg="2" build="2015.2.0.352" opt="true" iceEnabled="true" iceMarkupVersion="2" iceEnabledOptions="link,responsive" exportTarget="other" domain="chompreno.com" resolutions="1x,2x" timestamp="1469051323541">
  <folder name="css">
    <file name="site_global.css" crc="495289279"/>
    <file name="master_interior-master.css" crc="358566727" ref="contact:our-story:menu:community"/>
    <file name="nomq_preview_master_interior-master.css" crc="296029790" ref="contact:our-story:menu:community"/>
    <file name="master_home-master.css" crc="447002494" ref="index"/>
    <file name="nomq_preview_master_home-master.css" crc="458630813" ref="index"/>
    <file name="contact.css" crc="194253519" ref="contact"/>
    <file name="nomq_contact.css" crc="3907715414" ref="contact"/>
    <file name="our-story.css" crc="482526656" ref="our-story"/>
    <file name="nomq_our-story.css" crc="3918234511" ref="our-story"/>
    <file name="menu.css" crc="297864099" ref="menu"/>
    <file name="nomq_menu.css" crc="4210677650" ref="menu"/>
    <file name="community.css" crc="211511811" ref="community"/>
    <file name="nomq_community.css" crc="3963639413" ref="community"/>
    <file name="index.css" crc="219716067" ref="index"/>
    <file name="nomq_index.css" crc="437239312" ref="index"/>
  </folder>
  <folder name="fonts">
    <file name="montserrat-light_gdi.woff" crc="3772625100"/>
    <file name="montserrat-light_gdi.eot" crc="285542178"/>
    <file name="montserrat-light_gdi.svg" crc="4207768268"/>
    <file name="fontawesome-webfont.woff" crc="18292258"/>
    <file name="fontawesome-webfont.eot" crc="4205147410"/>
    <file name="fontawesome-webfont.svg" crc="4198990125"/>
    <file name="blairitcstd-light_gdi.woff" crc="403000180"/>
    <file name="blairitcstd-light_gdi.eot" crc="4053720593"/>
    <file name="blairitcstd-light_gdi.svg" crc="344045036"/>
    <file name="blairitcstd_gdi1.woff" crc="29851156"/>
    <file name="blairitcstd_gdi1.eot" crc="3979650452"/>
    <file name="blairitcstd_gdi1.svg" crc="106045159"/>
  </folder>
  <folder name="assets">
    <file name="chomp-menu-july-2016a.pdf" crc="3981195955" seo="true" mt="1467848292000"/>
  </folder>
  <folder name="scripts">
    <file name="jquery-1.8.3.min.js" crc="312386352" ref="index:menu:our-story:community:contact"/>
    <file name="museutils.js" crc="4155826306" ref="index:menu:our-story:community:contact"/>
    <file name="whatinput.js" crc="86476730" ref="index:menu:our-story:community:contact"/>
    <file name="museconfig.js" crc="328327953" ref="index:menu:our-story:community:contact"/>
    <file name="jquery.musepolyfill.bgsize.js" crc="4034513494" ref="index:menu:our-story:community:contact"/>
    <file name="pie.js" crc="3827607177" ref="index:menu:our-story:community:contact"/>
    <file name="jquery.watch.js" crc="117772946" ref="index:menu:our-story:community:contact"/>
    <file name="webpro.js" crc="4078243563" ref="index:menu:our-story:community:contact"/>
    <file name="musewpdisclosure.js" crc="3802586038" ref="index"/>
    <file name="form_check.php" crc="474517188" ref="index"/>
    <file name="form_throttle.php" crc="495784356" ref="index"/>
    <file name="form_process.php" crc="4149049960" ref="index"/>
    <file name="form-u7472.php" crc="280500693" ref="index"/>
    <file name="form-u344.php" crc="87096430" ref="index"/>
    <file name="form-u9380.php" crc="87096430" ref="index"/>
    <file name="jquery.scrolleffects.js" crc="4069228690" ref="index"/>
    <file name="jquery.museresponsive.js" crc="439107114" ref="index:menu:our-story:community:contact"/>
    <file name="require.js" crc="228336483" ref="index:menu:our-story:community:contact"/>
    <file name="musewpslideshow.js" crc="4115829919" ref="menu"/>
    <file name="jquery.museoverlay.js" crc="3936724022" ref="menu"/>
    <file name="touchswipe.js" crc="157639107" ref="menu"/>
    <file name="form-u5190.php" crc="87096430" ref="menu:community"/>
    <file name="form-u6886.php" crc="253260353" ref="contact"/>
  </folder>
  <folder name="images">
    <file name="favicon.ico" crc="3976488656" ref="index"/>
    <file name="grid-simple-v02.svg" crc="4242062513" ref="index:menu:community"/>
    <file name="grid-simple-v02_poster_u6842.png" crc="4025507928" ref="index:menu:community"/>
    <file name="chomp_logo_white_plain.svg" crc="4183733441" ref="index:menu:community"/>
    <file name="chomp_logo_white_plain_poster_u17236.png" crc="3807904766" ref="index:menu:community"/>
    <file name="hero-graphic-veggies-w-bowl-v03-sd.png" crc="73890501" ref="index"/>
    <file name="hero-graphic-veggies-w-bowl-v03-sd_2x.png" crc="223948381" ref="index"/>
    <file name="chomp_logo_tag_blk.svg" crc="3935361163" ref="index"/>
    <file name="chomp_logo_tag_blk_poster_u7012.png" crc="4157118595" ref="index"/>
    <file name="50sovirgstaticmap-u7345-fr.jpg" crc="4027693327" ref="index"/>
    <file name="50sovirgstaticmap-u7345-fr_2x.jpg" crc="263584113" ref="index"/>
    <file name="tomato3.svg" crc="338856168" ref="index:menu"/>
    <file name="tomato3_poster_u6750.png" crc="502143040" ref="index:menu"/>
    <file name="50sovirgstaticmap-u16884-fr.jpg" crc="3906600597" ref="index:contact"/>
    <file name="50sovirgstaticmap-u16884-fr_2x.jpg" crc="4018125991" ref="index:contact"/>
    <file name="u7482-17.png" crc="3983227985" ref="index"/>
    <file name="u7482-17_2x.png" crc="3919277524" ref="index"/>
    <file name="u7482-17-r.png" crc="71753810" ref="index"/>
    <file name="u7482-17-r_2x.png" crc="512866152" ref="index"/>
    <file name="u7482-17-m.png" crc="71753810" ref="index"/>
    <file name="u7482-17-m_2x.png" crc="512866152" ref="index"/>
    <file name="u7482-17-fs.png" crc="3983227985" ref="index"/>
    <file name="u7482-17-fs_2x.png" crc="3919277524" ref="index"/>
    <file name="instagram-icon-black.svg" crc="3874776339" ref="index:menu:community"/>
    <file name="instagram-icon-black_poster_u19747.png" crc="148167730" ref="index:menu:community"/>
    <file name="arrow_r-u351-17.png" crc="373971917" ref="index"/>
    <file name="arrow_r-u351-17_2x.png" crc="73183780" ref="index"/>
    <file name="arrow_r-u351-17-r.png" crc="373971917" ref="index"/>
    <file name="arrow_r-u351-17-r_2x.png" crc="73183780" ref="index"/>
    <file name="arrow_r-u351-17-m.png" crc="373971917" ref="index"/>
    <file name="arrow_r-u351-17-m_2x.png" crc="73183780" ref="index"/>
    <file name="arrow_r-u351-17-fs.png" crc="373971917" ref="index"/>
    <file name="arrow_r-u351-17-fs_2x.png" crc="73183780" ref="index"/>
    <file name="u7482-172.png" crc="3983227985" ref="index"/>
    <file name="u7482-17_2x2.png" crc="3919277524" ref="index"/>
    <file name="u7482-17-r2.png" crc="71753810" ref="index"/>
    <file name="u7482-17-r_2x2.png" crc="512866152" ref="index"/>
    <file name="u7482-17-m2.png" crc="71753810" ref="index"/>
    <file name="u7482-17-m_2x2.png" crc="512866152" ref="index"/>
    <file name="u7482-17-fs2.png" crc="3983227985" ref="index"/>
    <file name="u7482-17-fs_2x2.png" crc="3919277524" ref="index"/>
    <file name="u7482-173.png" crc="3983227985" ref="index"/>
    <file name="u7482-17_2x3.png" crc="3919277524" ref="index"/>
    <file name="u7482-17-r3.png" crc="71753810" ref="index"/>
    <file name="u7482-17-r_2x3.png" crc="512866152" ref="index"/>
    <file name="u7482-17-m3.png" crc="71753810" ref="index"/>
    <file name="u7482-17-m_2x3.png" crc="512866152" ref="index"/>
    <file name="u7482-17-fs3.png" crc="3983227985" ref="index"/>
    <file name="u7482-17-fs_2x3.png" crc="3919277524" ref="index"/>
    <file name="hero-graphic-veggies-w-bowl-v03-sd-u4770-fr.png" crc="488366250" ref="index"/>
    <file name="hero-graphic-veggies-w-bowl-v03-sd-u4770-fr_2x.png" crc="3894697993" ref="index"/>
    <file name="u7482-174.png" crc="3983227985" ref="index"/>
    <file name="u7482-17_2x4.png" crc="3919277524" ref="index"/>
    <file name="u7482-17-r4.png" crc="71753810" ref="index"/>
    <file name="u7482-17-r_2x4.png" crc="512866152" ref="index"/>
    <file name="u7482-17-m4.png" crc="71753810" ref="index"/>
    <file name="u7482-17-m_2x4.png" crc="512866152" ref="index"/>
    <file name="u7482-17-fs4.png" crc="3983227985" ref="index"/>
    <file name="u7482-17-fs_2x4.png" crc="3919277524" ref="index"/>
    <file name="hero-graphic-veggies-w-bowl-v03-sd-u4770-fr2.png" crc="100073709" ref="index"/>
    <file name="hero-graphic-veggies-w-bowl-v03-sd-u4770-fr_2x2.png" crc="349986643" ref="index"/>
    <file name="50sovirgstaticmap-u12018-fr.jpg" crc="3874989234" ref="index"/>
    <file name="50sovirgstaticmap-u12018-fr_2x.jpg" crc="4206419456" ref="index"/>
    <file name="50sovirgstaticmap-u16899-fr.jpg" crc="4221859075" ref="index"/>
    <file name="50sovirgstaticmap-u16899-fr_2x.jpg" crc="488944807" ref="index"/>
    <file name="u7482-175.png" crc="3983227985" ref="index"/>
    <file name="u7482-17_2x5.png" crc="3919277524" ref="index"/>
    <file name="u7482-17-r5.png" crc="71753810" ref="index"/>
    <file name="u7482-17-r_2x5.png" crc="512866152" ref="index"/>
    <file name="u7482-17-m5.png" crc="71753810" ref="index"/>
    <file name="u7482-17-m_2x5.png" crc="512866152" ref="index"/>
    <file name="u7482-17-fs5.png" crc="3983227985" ref="index"/>
    <file name="u7482-17-fs_2x5.png" crc="3919277524" ref="index"/>
    <file name="arrow_r-u9386-17.png" crc="373971917" ref="index"/>
    <file name="arrow_r-u9386-17_2x.png" crc="73183780" ref="index"/>
    <file name="arrow_r-u9386-17-r.png" crc="373971917" ref="index"/>
    <file name="arrow_r-u9386-17-r_2x.png" crc="73183780" ref="index"/>
    <file name="arrow_r-u9386-17-m.png" crc="373971917" ref="index"/>
    <file name="arrow_r-u9386-17-m_2x.png" crc="73183780" ref="index"/>
    <file name="arrow_r-u9386-17-fs.png" crc="373971917" ref="index"/>
    <file name="arrow_r-u9386-17-fs_2x.png" crc="73183780" ref="index"/>
    <file name="blank.gif" crc="4208392903" ref="index:menu:our-story:community:contact"/>
    <file name="menu-favicon.ico" crc="317026468" ref="menu"/>
    <file name="post-office-plate.png" crc="3954567774" ref="menu"/>
    <file name="post-office-plate_2x.png" crc="300850377" ref="menu"/>
    <file name="court-house.png" crc="4138674994" ref="menu"/>
    <file name="court-house_2x.png" crc="22715790" ref="menu"/>
    <file name="interstate-bank-plate.png" crc="27098074" ref="menu"/>
    <file name="interstate-bank-plate_2x.png" crc="3780717578" ref="menu"/>
    <file name="riverside-hotel.png" crc="59243793" ref="menu"/>
    <file name="riverside-hotel_2x.png" crc="176320453" ref="menu"/>
    <file name="hardy-house-plate.png" crc="3910427036" ref="menu"/>
    <file name="hardy-house-plate_2x.png" crc="464166249" ref="menu"/>
    <file name="minden-inn.png" crc="353167873" ref="menu"/>
    <file name="minden-inn_2x.png" crc="3994911123" ref="menu"/>
    <file name="mackay-plate.png" crc="393843042" ref="menu"/>
    <file name="mackay-plate_2x.png" crc="257288176" ref="menu"/>
    <file name="post-office-plate-lg.png" crc="3854748654" ref="menu"/>
    <file name="post-office-plate-lg_2x.png" crc="449371861" ref="menu"/>
    <file name="court-house-lg.png" crc="4087634790" ref="menu"/>
    <file name="court-house-lg_2x.png" crc="3908795164" ref="menu"/>
    <file name="interstate-bank-plate-lg.png" crc="387069215" ref="menu"/>
    <file name="interstate-bank-plate-lg_2x.png" crc="534720388" ref="menu"/>
    <file name="riverside-hotel-lg.png" crc="273281262" ref="menu"/>
    <file name="riverside-hotel-lg_2x.png" crc="145158854" ref="menu"/>
    <file name="hardy-house-plate-lg.png" crc="191086960" ref="menu"/>
    <file name="hardy-house-plate-lg_2x.png" crc="519732477" ref="menu"/>
    <file name="minden-inn-lg.png" crc="30752883" ref="menu"/>
    <file name="minden-inn-lg_2x.png" crc="3781249905" ref="menu"/>
    <file name="mackay-plate-lg.png" crc="3939370888" ref="menu"/>
    <file name="mackay-plate-lg_2x.png" crc="3983336720" ref="menu"/>
    <file name="lettuce-head3.svg" crc="282867190" ref="menu"/>
    <file name="lettuce-head3_poster_u6742.png" crc="4208973365" ref="menu"/>
    <file name="broccolli3.svg" crc="3811722267" ref="menu"/>
    <file name="broccolli3_poster_u6758.png" crc="3828885031" ref="menu"/>
    <file name="carrot3.svg" crc="9564060" ref="menu"/>
    <file name="carrot3_poster_u6798.png" crc="4135012338" ref="menu"/>
    <file name="romain3.svg" crc="188580468" ref="menu"/>
    <file name="romain3_poster_u6782.png" crc="4171506844" ref="menu"/>
    <file name="raddish3.svg" crc="354136428" ref="menu"/>
    <file name="raddish3_poster_u6790.png" crc="501202425" ref="menu"/>
    <file name="eggplant3.svg" crc="469881254" ref="menu"/>
    <file name="eggplant3_poster_u6806.png" crc="3813210106" ref="menu"/>
    <file name="anne blodgett-photography-spring-shoot-2-u5422-fr.jpg" crc="4289721132" ref="menu"/>
    <file name="menu-hero-image.png" crc="3822185865" ref="menu"/>
    <file name="arrow_r.svg" crc="50161036" ref="menu"/>
    <file name="arrow_r_poster_u13091.png" crc="433616195" ref="menu"/>
    <file name="arrow_r-u5193-17.png" crc="373971917" ref="menu:our-story:community:contact"/>
    <file name="arrow_r-u5193-17_2x.png" crc="73183780" ref="menu:our-story:community:contact"/>
    <file name="arrow_r-u5193-17-r.png" crc="373971917" ref="menu:our-story:community:contact"/>
    <file name="arrow_r-u5193-17-r_2x.png" crc="73183780" ref="menu:our-story:community:contact"/>
    <file name="arrow_r-u5193-17-m.png" crc="373971917" ref="menu:our-story:community:contact"/>
    <file name="arrow_r-u5193-17-m_2x.png" crc="73183780" ref="menu:our-story:community:contact"/>
    <file name="arrow_r-u5193-17-fs.png" crc="373971917" ref="menu:our-story:community:contact"/>
    <file name="arrow_r-u5193-17-fs_2x.png" crc="73183780" ref="menu:our-story:community:contact"/>
    <file name="our-story-favicon.ico" crc="317026468" ref="our-story"/>
    <file name="our-story-hero.png" crc="4209613610" ref="our-story"/>
    <file name="community-favicon.ico" crc="317026468" ref="community"/>
    <file name="skyline-artown-tonyfuentes.jpg" crc="4061112702" ref="community"/>
    <file name="community-bottom.jpg" crc="117036180" ref="community"/>
    <file name="contact-favicon.ico" crc="317026468" ref="contact"/>
    <file name="contact-hero-true.png" crc="525095243" ref="contact"/>
    <file name="u6895-17.png" crc="3983227985" ref="contact"/>
    <file name="u6895-17_2x.png" crc="3919277524" ref="contact"/>
    <file name="u6895-17-r.png" crc="71753810" ref="contact"/>
    <file name="u6895-17-r_2x.png" crc="512866152" ref="contact"/>
    <file name="u6895-17-m.png" crc="71753810" ref="contact"/>
    <file name="u6895-17-m_2x.png" crc="512866152" ref="contact"/>
    <file name="u6895-17-fs.png" crc="3983227985" ref="contact"/>
    <file name="u6895-17-fs_2x.png" crc="3919277524" ref="contact"/>
    <file name="u6895-172.png" crc="3983227985" ref="contact"/>
    <file name="u6895-17_2x2.png" crc="3919277524" ref="contact"/>
    <file name="u6895-17-r2.png" crc="71753810" ref="contact"/>
    <file name="u6895-17-r_2x2.png" crc="512866152" ref="contact"/>
    <file name="u6895-17-m2.png" crc="71753810" ref="contact"/>
    <file name="u6895-17-m_2x2.png" crc="512866152" ref="contact"/>
    <file name="u6895-17-fs2.png" crc="3983227985" ref="contact"/>
    <file name="u6895-17-fs_2x2.png" crc="3919277524" ref="contact"/>
    <file name="u6895-173.png" crc="3983227985" ref="contact"/>
    <file name="u6895-17_2x3.png" crc="3919277524" ref="contact"/>
    <file name="u6895-17-r3.png" crc="71753810" ref="contact"/>
    <file name="u6895-17-r_2x3.png" crc="512866152" ref="contact"/>
    <file name="u6895-17-m3.png" crc="71753810" ref="contact"/>
    <file name="u6895-17-m_2x3.png" crc="512866152" ref="contact"/>
    <file name="u6895-17-fs3.png" crc="3983227985" ref="contact"/>
    <file name="u6895-17-fs_2x3.png" crc="3919277524" ref="contact"/>
    <file name="u6895-174.png" crc="3983227985" ref="contact"/>
    <file name="u6895-17_2x4.png" crc="3919277524" ref="contact"/>
    <file name="u6895-17-r4.png" crc="71753810" ref="contact"/>
    <file name="u6895-17-r_2x4.png" crc="512866152" ref="contact"/>
    <file name="u6895-17-m4.png" crc="71753810" ref="contact"/>
    <file name="u6895-17-m_2x4.png" crc="512866152" ref="contact"/>
    <file name="u6895-17-fs4.png" crc="3983227985" ref="contact"/>
    <file name="u6895-17-fs_2x4.png" crc="3919277524" ref="contact"/>
    <file name="u6895-175.png" crc="3983227985" ref="contact"/>
    <file name="u6895-17_2x5.png" crc="3919277524" ref="contact"/>
    <file name="u6895-17-r5.png" crc="71753810" ref="contact"/>
    <file name="u6895-17-r_2x5.png" crc="512866152" ref="contact"/>
    <file name="u6895-17-m5.png" crc="71753810" ref="contact"/>
    <file name="u6895-17-m_2x5.png" crc="512866152" ref="contact"/>
    <file name="u6895-17-fs5.png" crc="3983227985" ref="contact"/>
    <file name="u6895-17-fs_2x5.png" crc="3919277524" ref="contact"/>
    <file name="50sovirgstaticmap.jpg" crc="14023337" ref="contact"/>
  </folder>
  <file name="index.html" crc="205350793" seo="true" mt="1469051285207" redirect="true"/>
  <file name="menu.html" crc="3895199619" seo="true" mt="1469050872629" redirect="true"/>
  <file name="our-story.html" crc="3781902908" seo="true" mt="1468353518772" redirect="true"/>
  <file name="community.html" crc="430381772" seo="true" mt="1469051311846" redirect="true"/>
  <file name="contact.html" crc="344127283" seo="true" mt="1468353360048" redirect="true"/>
</manifest>